Hours_Studied,Attendance_Percentage,Previous_Exam_Score,Assignments_Completed,Sleep_Hours,Study_Time,Internet_Hours,Screen_Time,Class_Participation,Travel_Time_Minutes,Part_Time_Job,Final_Score
29,60.0,74,8,8.0,Night,11,5.0,3,65,No,62.2
15,95.0,60,8,8.0,Night,6,4.0,5,14,No,76.8
8,85.0,48,3,7.0,Night,3,2.0,3,58,No,68.5
21,88.0,67,2,9.0,Afternoon,10,6.0,9,88,No,64.7
19,80.0,85,0,7.0,Morning,5,8.0,9,69,No,49.2
45,70.0,90,1,,Night,6,3.0,3,81,No,73.2
11,99.0,46,7,6.0,Afternoon,8,6.0,3,5,No,66.9
11,70.0,55,0,8.0,Afternoon,7,7.0,5,9,No,52.1
24,95.0,55,7,8.0,Afternoon,11,,2,84,No,61.7
24,98.0,99,6,,Night,8,8.0,6,19,No,82.6
3,99.0,72,7,4.0,Night,3,2.0,7,32,Yes,84.6
22,94.0,43,5,8.0,Night,4,8.0,9,27,No,48.1
2,93.0,43,8,4.0,Night,6,5.0,6,21,No,55.0
24,83.0,78,2,8.0,Night,11,9.0,3,17,Yes,65.7
30,81.0,79,9,9.0,Night,7,,5,18,Yes,87.4
2,64.0,56,3,7.0,Night,9,7.0,4,15,No,57.9
21,92.0,76,5,6.0,Night,1,10.0,5,32,No,71.7
33,95.0,78,7,8.0,Night,8,6.0,8,46,No,80.5
12,79.0,99,4,8.0,Afternoon,8,13.0,8,65,No,78.4
22,78.0,91,2,,Night,6,5.0,6,68,No,81.7
25,94.0,68,5,9.0,Morning,4,9.0,1,35,No,77.7
27,76.0,91,3,5.0,Afternoon,3,10.0,8,85,No,67.1
28,93.0,75,8,,Night,11,5.0,8,77,No,82.3
16,68.0,99,2,8.0,Morning,3,4.0,2,14,No,78.0
15,,77,3,8.0,Night,6,9.0,4,12,Yes,68.7
3,61.0,78,6,6.0,Morning,8,6.0,2,25,No,64.0
7,68.0,89,6,8.0,Morning,7,3.0,4,81,No,70.7
21,68.0,76,3,7.0,Morning,11,11.0,10,63,Yes,66.6
9,99.0,91,5,7.0,Morning,1,10.0,7,54,No,67.7
18,76.0,100,2,5.0,Afternoon,11,4.0,9,73,No,70.1
4,,74,5,8.0,Afternoon,6,13.0,8,74,No,63.1
25,84.0,46,1,6.0,Morning,7,3.0,9,34,No,46.9
14,99.0,66,7,6.0,Night,7,2.0,8,21,No,81.3
9,84.0,67,1,6.0,Morning,9,9.0,2,79,No,53.7
26,98.0,61,10,8.0,Afternoon,11,12.0,7,24,No,85.0
2,94.0,53,6,7.0,Night,11,4.0,2,52,Yes,62.2
20,62.0,46,8,,Afternoon,10,8.0,2,77,No,50.9
28,96.0,76,0,6.0,Afternoon,5,,4,6,No,68.6
7,89.0,100,7,7.0,Night,1,2.0,1,41,Yes,66.9
8,97.0,61,6,7.0,Morning,2,13.0,5,5,No,64.7
14,93.0,44,5,8.0,Morning,4,,6,8,No,50.1
17,,94,5,9.0,Morning,5,13.0,9,58,No,74.4
4,78.0,41,5,4.0,Morning,9,9.0,10,29,No,44.8
2,96.0,66,8,7.0,Night,11,13.0,8,7,No,61.0
6,76.0,60,1,5.0,Night,1,4.0,2,13,No,61.9
4,,93,0,7.0,Night,3,7.0,1,80,No,48.0
29,71.0,77,5,6.0,Afternoon,5,12.0,2,78,No,55.6
18,75.0,54,9,6.0,Night,3,4.0,7,38,Yes,62.5
26,83.0,60,10,7.0,Morning,4,13.0,4,47,No,65.3
34,78.0,49,7,7.0,Afternoon,3,5.0,10,78,No,53.7
10,67.0,62,2,6.0,Morning,4,2.0,5,26,No,54.0
14,,97,9,8.0,Morning,1,6.0,7,74,No,90.5
31,,95,0,7.0,Night,8,2.0,3,6,No,79.3
15,76.0,78,8,5.0,Night,4,2.0,10,70,Yes,82.3
8,82.0,44,0,8.0,Morning,7,11.0,2,36,No,28.2
14,96.0,40,2,6.0,Morning,2,12.0,7,20,No,56.2
23,,52,7,7.0,Afternoon,2,12.0,5,80,No,62.1
21,65.0,60,2,7.0,Night,6,8.0,1,5,No,50.2
16,67.0,65,3,6.0,Afternoon,2,13.0,1,76,No,66.4
18,84.0,89,7,5.0,Afternoon,6,7.0,9,52,No,90.6
24,77.0,84,0,7.0,Afternoon,11,3.0,5,54,No,66.4
26,84.0,60,5,,Morning,2,12.0,1,17,No,58.2
25,71.0,92,0,7.0,Afternoon,4,13.0,7,19,No,81.8
29,74.0,57,0,7.0,Afternoon,7,3.0,9,57,No,55.8
15,85.0,76,7,7.0,Morning,8,12.0,1,48,Yes,71.0
1,100.0,84,10,6.0,Night,3,8.0,10,12,No,82.3
25,85.0,71,3,7.0,Night,9,2.0,4,78,No,85.5
7,91.0,75,0,8.0,Afternoon,2,3.0,3,50,No,60.3
9,69.0,56,9,5.0,Morning,8,13.0,5,73,No,57.4
24,75.0,74,6,6.0,Night,8,9.0,7,23,Yes,65.0
1,66.0,88,4,6.0,Afternoon,4,7.0,8,42,No,60.8
8,76.0,99,4,7.0,Afternoon,1,3.0,2,15,No,68.4
24,,50,0,9.0,Morning,1,8.0,7,47,No,47.2
11,85.0,60,9,5.0,Afternoon,2,5.0,1,24,No,53.6
17,80.0,91,10,7.0,Night,9,3.0,7,24,No,95.7
8,,94,5,6.0,Morning,2,13.0,8,25,Yes,76.6
33,66.0,92,8,9.0,Night,2,7.0,2,86,No,76.3
5,73.0,65,8,5.0,Night,6,12.0,9,61,No,61.2
28,74.0,43,7,7.0,Night,7,10.0,1,54,Yes,54.3
7,66.0,73,4,8.0,Afternoon,7,12.0,6,78,No,70.3
9,,91,0,8.0,Afternoon,9,10.0,1,30,No,55.7
8,67.0,87,8,7.0,Night,6,9.0,3,34,No,74.3
12,82.0,99,0,6.0,Night,8,4.0,6,77,No,74.5
34,88.0,57,7,7.0,Morning,11,4.0,3,35,No,75.0
54,77.0,79,4,6.0,Morning,6,3.0,8,46,No,74.5
23,90.0,74,2,6.0,Afternoon,2,6.0,5,72,No,71.1
24,89.0,80,10,7.0,Afternoon,1,13.0,2,65,No,67.9
22,98.0,68,6,6.0,Morning,5,5.0,4,65,No,66.3
27,94.0,91,6,6.0,Night,9,8.0,9,74,No,73.2
1,77.0,68,8,7.0,Afternoon,8,5.0,4,82,No,40.9
14,98.0,77,6,9.0,Night,4,10.0,10,72,No,80.1
3,76.0,81,10,7.0,Morning,5,13.0,10,21,No,71.7
1,73.0,60,2,5.0,Afternoon,5,13.0,8,23,Yes,51.5
5,,81,10,5.0,Afternoon,6,3.0,5,55,No,78.3
26,83.0,52,0,9.0,Morning,3,12.0,10,74,Yes,55.2
14,94.0,88,7,6.0,Afternoon,5,7.0,1,67,No,89.1
27,93.0,80,2,5.0,Morning,2,8.0,7,79,No,69.9
9,62.0,56,7,7.0,Afternoon,10,5.0,3,84,Yes,60.4
15,96.0,95,7,7.0,Morning,1,7.0,10,34,No,86.4
15,99.0,48,4,,Afternoon,11,8.0,8,29,Yes,69.4
26,85.0,80,0,6.0,Night,1,5.0,3,79,No,54.6
13,82.0,40,9,4.0,Night,10,9.0,1,75,No,40.0
32,98.0,41,6,9.0,Night,7,10.0,5,30,No,76.8
32,74.0,99,9,,Afternoon,2,2.0,2,60,No,98.6
4,63.0,87,4,7.0,Afternoon,4,8.0,4,26,Yes,48.2
30,88.0,68,7,8.0,Night,5,10.0,1,23,No,69.6
23,81.0,72,8,7.0,Night,7,13.0,9,35,Yes,75.6
15,84.0,49,10,6.0,Morning,2,11.0,6,30,No,71.7
29,72.0,89,6,6.0,Morning,6,6.0,8,46,Yes,91.3
13,77.0,97,6,7.0,Morning,1,13.0,4,45,No,68.4
32,92.0,99,0,8.0,Night,7,,9,27,No,72.2
7,75.0,79,3,9.0,Night,9,11.0,2,51,No,60.9
22,,60,1,5.0,Night,5,7.0,9,17,No,48.5
28,,67,1,6.0,Morning,5,13.0,5,70,No,38.6
2,93.0,50,1,9.0,Afternoon,4,13.0,6,70,Yes,44.2
6,89.0,94,3,8.0,Night,3,8.0,3,20,Yes,80.3
28,72.0,73,0,8.0,Afternoon,9,3.0,4,77,No,59.6
28,72.0,47,3,6.0,Afternoon,5,3.0,6,32,No,60.2
20,77.0,98,1,7.0,Afternoon,8,11.0,7,81,No,75.8
30,91.0,61,4,8.0,Morning,9,13.0,1,39,Yes,52.7
11,91.0,47,2,7.0,Afternoon,5,11.0,7,45,No,53.9
28,94.0,88,7,7.0,Night,10,2.0,1,81,Yes,68.7
25,98.0,54,3,4.0,Morning,9,5.0,5,35,No,59.2
33,88.0,56,0,7.0,Night,2,8.0,6,89,No,53.0
1,88.0,99,0,6.0,Night,9,10.0,2,36,Yes,64.4
27,75.0,62,9,7.0,Morning,11,4.0,10,58,No,62.1
13,69.0,63,2,9.0,Night,4,13.0,9,76,No,46.4
3,89.0,84,8,7.0,Night,6,12.0,10,63,No,76.0
6,84.0,58,6,8.0,Morning,6,8.0,6,45,Yes,67.3
8,98.0,44,1,6.0,Night,6,8.0,7,70,No,48.7
27,79.0,71,8,7.0,Afternoon,2,8.0,10,58,No,72.4
9,,83,9,9.0,Night,7,3.0,8,44,No,84.1
33,60.0,40,1,5.0,Afternoon,6,7.0,10,32,No,38.3
24,89.0,62,2,4.0,Night,11,3.0,1,41,Yes,75.5
15,62.0,76,10,7.0,Morning,1,7.0,8,69,Yes,62.8
32,73.0,47,9,5.0,Morning,2,11.0,4,78,No,64.8
32,89.0,52,1,8.0,Night,7,4.0,10,59,Yes,62.6
24,63.0,47,2,9.0,Morning,1,,8,8,No,74.4
12,77.0,96,5,7.0,Night,1,13.0,6,14,No,68.1
2,96.0,62,8,6.0,Morning,1,7.0,9,51,No,47.9
3,84.0,82,8,7.0,Afternoon,8,3.0,4,79,No,81.4
17,60.0,40,6,8.0,Night,4,6.0,2,18,No,39.8
2,74.0,84,2,4.0,Afternoon,4,3.0,2,42,No,64.8
2,68.0,90,3,7.0,Afternoon,2,4.0,5,16,Yes,75.4
28,74.0,63,5,7.0,Mornng,11,4.0,10,49,No,70.0
23,83.0,74,10,7.0,Afternoon,11,,9,21,No,83.8
32,63.0,63,4,6.0,Night,11,7.0,3,84,No,57.9
33,71.0,56,1,8.0,Afternoon,1,11.0,8,39,No,59.1
1,96.0,44,5,5.0,Night,10,4.0,4,70,Yes,55.3
19,96.0,59,2,6.0,Night,9,4.0,6,79,No,52.9
2,65.0,60,7,8.0,Morning,7,13.0,10,45,No,70.0
26,98.0,79,1,8.0,Night,4,2.0,6,71,No,72.9
32,83.0,97,0,4.0,Night,6,8.0,3,33,No,74.7
6,70.0,70,8,6.0,Afternoon,2,9.0,5,22,No,71.0
32,72.0,85,2,6.0,Night,7,3.0,3,24,No,77.7
4,93.0,75,10,6.0,Morning,2,5.0,1,18,No,83.1
11,84.0,50,0,6.0,Afternoon,10,11.0,7,38,No,51.0
17,66.0,91,6,5.0,Afternoon,8,8.0,4,53,No,74.2
24,63.0,54,9,7.0,Morning,8,9.0,7,58,Yes,66.0
5,67.0,58,4,8.0,Afternoon,1,2.0,3,35,No,63.0
34,79.0,46,4,7.0,Afternoon,8,5.0,5,62,No,44.5
6,88.0,90,0,7.0,Afternoon,2,7.0,5,46,No,71.8
22,69.0,67,8,5.0,Afternoon,6,4.0,2,62,No,60.2
11,93.0,90,6,9.0,Morning,1,6.0,10,86,No,96.0
16,85.0,82,7,8.0,Nite,5,11.0,2,34,Yes,78.2
33,100.0,97,8,8.0,Afternoon,11,10.0,4,29,No,84.2
9,62.0,44,5,8.0,Afternoon,7,12.0,4,67,No,49.0
6,65.0,44,4,9.0,Morning,10,4.0,4,23,No,48.8
16,64.0,69,5,7.0,Morning,1,6.0,6,76,No,61.4
29,64.0,93,10,6.0,Morning,2,9.0,2,12,Yes,66.3
3,82.0,71,1,7.0,Afternoon,7,7.0,6,7,No,50.2
20,68.0,47,3,8.0,Afternoon,6,5.0,7,71,No,51.9
19,94.0,49,2,8.0,Night,3,9.0,10,85,Yes,44.5
26,79.0,77,6,7.0,Morning,10,12.0,3,21,No,66.3
3,,86,8,5.0,Afternoon,2,4.0,8,18,No,75.7
19,77.0,71,4,7.0,Morning,10,4.0,2,13,No,61.7
20,76.0,87,5,9.0,Afternoon,4,5.0,8,66,No,83.2
32,83.0,67,9,7.0,Morning,3,10.0,5,25,No,65.0
7,62.0,56,1,7.0,Afternoon,7,6.0,2,80,Yes,44.9
33,91.0,70,2,6.0,Night,8,9.0,7,41,Yes,62.0
18,94.0,47,2,7.0,Night,2,,2,15,No,56.0
1,97.0,79,8,8.0,Morning,10,4.0,6,24,No,88.1
11,72.0,64,6,7.0,Afternoon,7,9.0,10,39,No,66.3
28,84.0,48,7,8.0,Afternoon,8,13.0,3,57,No,61.5
25,68.0,41,10,7.0,Morning,6,10.0,9,51,Yes,54.4
23,,54,9,7.0,Afternoon,6,9.0,3,79,No,64.7
31,73.0,89,10,,Morning,10,5.0,3,56,Yes,85.2
30,96.0,42,8,8.0,Afternoon,1,12.0,5,12,Yes,67.3
7,93.0,88,5,7.0,Morning,4,7.0,7,8,No,68.4
16,70.0,75,3,7.0,Afternoon,1,2.0,8,31,No,64.1
26,100.0,43,0,7.0,Morning,4,5.0,7,48,No,66.9
2,62.0,53,7,9.0,Afternoon,2,9.0,9,44,No,47.5
1,87.0,80,6,5.0,Night,11,2.0,5,51,Yes,80.8
12,88.0,80,1,8.0,Afternoon,5,4.0,10,48,Yes,66.4
5,68.0,64,7,,Morning,10,2.0,3,52,No,61.4
32,62.0,97,4,7.0,Night,9,10.0,6,89,Yes,68.6
9,84.0,94,6,4.0,Afternoon,11,3.0,5,56,No,71.7
19,93.0,89,3,6.0,Night,10,10.0,4,88,Yes,66.4
16,71.0,49,4,7.0,Afternoon,3,5.0,2,72,No,46.9
3,68.0,60,7,5.0,Night,8,3.0,7,15,Yes,61.3
20,74.0,75,0,7.0,Morning,3,5.0,5,81,Yes,67.9
24,99.0,51,0,9.0,Afternoon,6,13.0,4,77,No,54.1
33,84.0,66,3,5.0,Afternoon,4,12.0,8,8,No,63.2
24,64.0,79,2,,Morning,8,12.0,9,80,Yes,72.4
11,70.0,41,9,7.0,Night,11,11.0,9,77,No,55.6
8,93.0,93,1,7.0,Morning,6,7.0,3,81,No,64.9
20,83.0,52,2,6.0,Morning,8,12.0,3,52,No,45.1
25,74.0,92,10,6.0,Night,1,8.0,5,30,No,94.7
25,97.0,71,10,6.0,Morning,6,4.0,5,81,Yes,77.2
29,67.0,70,10,5.0,Afternoon,1,4.0,10,43,No,70.7
18,64.0,55,0,6.0,Afternoon,1,13.0,2,62,No,39.6
18,85.0,71,0,7.0,Afternoon,8,11.0,1,23,No,69.7
2,77.0,71,5,8.0,Morning,7,13.0,8,87,No,52.7
16,65.0,99,4,8.0,Afternoon,3,9.0,3,81,No,80.3
33,96.0,73,7,7.0,Afternoon,6,6.0,1,81,No,69.6
4,72.0,50,1,5.0,Afternoon,9,,1,62,No,32.5
33,87.0,49,3,6.0,Afternoon,7,8.0,2,32,No,51.6
14,64.0,54,7,,Afternoon,3,8.0,6,70,Yes,57.3
21,72.0,56,5,6.0,Afternoon,6,10.0,6,14,No,60.0
20,76.0,79,0,7.0,Morning,11,10.0,3,81,Yes,59.0
8,99.0,57,3,7.0,Afternoon,4,6.0,4,62,No,56.8
7,91.0,94,0,7.0,Afternoon,3,13.0,2,77,No,58.1
3,88.0,48,1,7.0,Night,9,9.0,2,18,No,46.3
17,62.0,64,4,8.0,Morning,10,,7,88,No,61.2
33,99.0,79,7,8.0,Morning,2,2.0,1,19,Yes,68.2
12,93.0,98,7,6.0,Morning,1,10.0,7,37,Yes,95.6
22,99.0,53,10,9.0,Morning,2,9.0,1,21,No,42.7
22,,99,2,9.0,Mornng,7,7.0,6,28,Yes,81.3
30,72.0,97,10,6.0,Afternoon,10,4.0,3,34,No,89.4
8,92.0,64,3,7.0,Night,1,4.0,8,66,No,58.6
27,65.0,89,9,7.0,Night,6,9.0,6,17,No,63.2
27,83.0,61,10,9.0,Morning,7,6.0,2,66,No,70.1
34,78.0,91,5,8.0,Night,9,11.0,8,51,No,76.2
21,75.0,69,10,5.0,Night,8,12.0,5,20,No,63.9
58,99.0,59,10,7.0,Morning,6,8.0,8,70,No,68.1
33,87.0,60,9,7.0,Morning,3,6.0,8,85,No,77.3
28,92.0,83,2,7.0,Night,8,9.0,6,47,No,73.0
33,100.0,71,1,6.0,Afternoon,7,11.0,2,12,Yes,52.1
5,72.0,90,5,,Night,3,11.0,8,7,Yes,75.2
19,84.0,85,10,7.0,Night,9,5.0,6,16,No,79.0
4,95.0,88,4,8.0,Afternoon,2,,6,88,No,66.2
17,86.0,95,9,8.0,Afternoon,3,4.0,8,20,No,92.7
28,97.0,60,4,8.0,Morning,2,9.0,1,82,No,62.8
30,66.0,74,9,7.0,Morning,1,12.0,2,84,No,63.2
29,64.0,97,4,7.0,Night,4,8.0,9,63,No,71.1
6,90.0,71,9,6.0,Afternoon,5,3.0,8,53,No,72.6
24,82.0,69,4,7.0,Morning,6,7.0,7,67,No,60.8
29,69.0,94,2,6.0,Night,5,10.0,7,66,No,78.5
31,91.0,78,6,7.0,Afternoon,1,5.0,5,53,No,62.9
33,89.0,88,5,6.0,Night,3,10.0,2,55,No,71.4
21,98.0,51,3,5.0,Morning,1,3.0,6,37,No,51.8
32,90.0,80,1,6.0,Morning,11,3.0,10,34,No,79.7
23,77.0,86,8,4.0,Afternoon,5,,3,63,Yes,73.7
33,95.0,57,0,8.0,Night,5,,4,80,No,44.1
3,61.0,60,10,8.0,Afternoon,11,8.0,10,19,No,68.5
18,73.0,52,3,7.0,Morning,6,8.0,2,86,No,33.1
25,72.0,60,0,6.0,Morning,8,2.0,2,27,No,57.9
31,88.0,47,5,5.0,Night,10,12.0,8,82,No,65.1
3,71.0,85,3,4.0,Night,1,,8,49,No,64.4
24,98.0,79,4,6.0,Night,4,8.0,10,66,No,72.4
32,61.0,85,4,8.0,Afternoon,10,12.0,6,83,No,54.3
22,91.0,46,8,6.0,Night,11,7.0,5,75,No,72.0
48,72.0,62,0,7.0,Night,1,7.0,8,19,No,65.8
2,86.0,83,1,5.0,Morning,9,3.0,4,50,No,56.7
27,100.0,71,5,6.0,Morning,11,7.0,4,68,No,66.8
2,76.0,50,4,7.0,Night,7,5.0,5,50,No,58.8
26,99.0,61,10,7.0,Night,7,10.0,1,60,No,76.9
17,90.0,61,6,6.0,Morning,5,13.0,1,48,No,48.9
33,93.0,82,2,5.0,Night,7,2.0,2,79,No,67.3
9,83.0,64,2,7.0,Afternoon,2,9.0,8,33,No,58.0
29,94.0,61,9,6.0,Afternoon,4,6.0,7,66,No,75.3
26,65.0,67,1,6.0,Afternoon,7,2.0,10,56,No,61.0
25,78.0,68,2,9.0,Night,3,5.0,9,58,Yes,61.3
24,89.0,52,9,7.0,Morning,2,2.0,5,61,Yes,71.4
13,66.0,57,0,7.0,Night,10,7.0,2,87,No,42.8
7,69.0,41,4,7.0,Night,2,3.0,7,70,No,75.2
20,100.0,68,4,7.0,Morning,1,6.0,8,26,Yes,75.0
1,,60,10,7.0,Morning,5,8.0,7,24,No,66.7
8,93.0,54,6,7.0,Morning,6,3.0,7,37,No,79.8
16,87.0,91,3,8.0,Afternoon,6,7.0,5,76,No,63.9
14,74.0,66,2,6.0,Night,9,7.0,2,29,No,57.6
12,89.0,89,0,7.0,Morning,4,6.0,6,50,No,62.8
23,96.0,70,7,,Night,1,6.0,4,77,No,79.1
15,88.0,54,2,8.0,Afternoon,6,4.0,10,61,No,57.1
28,81.0,90,1,7.0,Nite,5,11.0,2,9,Yes,74.7
34,63.0,62,10,7.0,Morning,10,11.0,9,59,No,69.4
2,79.0,63,3,5.0,Morning,6,12.0,7,65,No,57.5
32,,83,2,7.0,Night,3,13.0,6,12,Yes,74.9
59,,52,0,,Morning,2,3.0,5,20,No,57.3
22,63.0,61,2,6.0,Night,6,8.0,3,52,No,42.6
25,86.0,82,1,5.0,Morning,1,,10,65,No,80.4
22,76.0,76,7,7.0,Night,7,7.0,10,19,No,88.4
22,71.0,100,5,6.0,Night,7,7.0,4,69,No,70.4
6,81.0,72,8,7.0,Night,10,4.0,3,26,No,75.9
15,76.0,95,7,8.0,Night,7,3.0,8,7,No,76.7
33,69.0,42,9,,Afternoon,11,,3,58,No,54.4
8,60.0,93,2,7.0,Night,10,3.0,7,18,Yes,72.5
5,81.0,58,4,7.0,Morning,1,10.0,7,40,No,52.5
4,85.0,62,6,4.0,Afternoon,4,,7,86,No,57.8
6,77.0,68,4,8.0,Afternoon,7,6.0,7,86,No,66.5
32,73.0,69,7,5.0,Night,11,8.0,2,71,No,63.0
30,88.0,78,4,7.0,Afternoon,9,13.0,10,14,No,67.9
16,71.0,83,0,7.0,Night,5,6.0,3,53,No,53.1
13,95.0,86,4,7.0,Morning,2,8.0,10,69,No,74.1
30,94.0,64,3,7.0,Night,7,5.0,9,61,Yes,58.0
19,,76,5,6.0,Afternoon,10,9.0,3,31,No,64.5
17,66.0,86,2,4.0,Morning,1,12.0,2,79,No,57.4
19,88.0,47,10,8.0,Mornng,7,,9,9,No,76.5
28,70.0,81,4,7.0,Morning,6,12.0,10,75,Yes,68.6
26,92.0,97,1,8.0,Morning,7,11.0,9,87,No,96.6
26,65.0,55,10,8.0,Afternoon,10,8.0,4,61,Yes,47.9
23,,47,5,8.0,Morning,3,11.0,9,19,No,61.3
9,91.0,40,5,7.0,Afternoon,3,6.0,3,80,No,48.3
12,70.0,83,4,6.0,Morning,7,12.0,7,34,Yes,59.9
1,82.0,44,5,8.0,Night,2,7.0,7,24,No,50.3
1,85.0,42,10,7.0,Morning,1,6.0,8,41,No,56.8
34,93.0,40,6,6.0,Night,9,8.0,10,7,No,69.6
32,93.0,43,4,8.0,Night,9,13.0,4,77,No,53.0
25,88.0,79,0,8.0,Morning,7,3.0,3,45,Yes,62.5
1,63.0,74,7,7.0,Night,7,6.0,3,43,No,62.2
16,76.0,71,3,5.0,Morning,3,11.0,5,30,Yes,61.0
5,94.0,81,8,7.0,Morning,10,4.0,1,6,No,67.6
22,72.0,73,9,8.0,Night,2,,10,27,No,74.5
29,100.0,82,5,9.0,Night,11,7.0,3,27,Yes,80.6
3,98.0,64,0,6.0,Mornng,7,11.0,6,89,No,52.3
12,74.0,49,2,5.0,Night,9,4.0,3,20,Yes,54.5
26,88.0,60,2,8.0,Afternoon,1,8.0,5,13,No,58.7
16,88.0,85,9,,Night,4,5.0,9,17,Yes,89.3
22,70.0,78,3,7.0,Morning,6,,2,32,No,68.1
29,91.0,66,5,9.0,Night,7,9.0,2,31,No,68.8
14,61.0,66,6,5.0,Morning,10,5.0,6,55,No,62.6
28,73.0,41,9,7.0,Morning,7,12.0,6,68,No,74.0
5,79.0,80,3,5.0,Morning,10,2.0,8,56,Yes,75.0
30,81.0,87,5,7.0,Afternoon,2,7.0,2,85,No,74.3
5,70.0,52,10,8.0,Night,4,11.0,9,42,No,53.9
12,86.0,48,0,7.0,Morning,5,12.0,2,69,No,43.5
16,62.0,91,7,9.0,Morning,1,12.0,1,22,No,86.5
26,76.0,75,6,7.0,Afternoon,1,2.0,10,67,No,70.1
26,87.0,61,10,6.0,Night,10,6.0,2,55,No,70.4
21,88.0,81,10,,Night,3,8.0,7,13,Yes,83.2
33,80.0,65,8,7.0,Afternoon,10,7.0,8,17,No,74.6
30,75.0,97,2,7.0,Afternoon,3,3.0,5,44,No,72.1
23,96.0,93,1,5.0,Night,8,12.0,6,59,No,75.6
10,79.0,51,0,7.0,Afternoon,9,,1,83,Yes,42.8
5,,56,2,7.0,Night,11,12.0,6,47,No,56.9
34,78.0,53,4,8.0,Night,1,3.0,8,48,No,54.1
31,64.0,53,10,7.0,Morning,11,12.0,3,72,No,66.6
10,62.0,96,1,8.0,Morning,2,2.0,1,37,No,62.8
19,60.0,73,2,4.0,Night,10,4.0,4,28,No,54.1
32,,92,3,6.0,Night,2,4.0,1,40,No,71.6
1,74.0,96,6,7.0,Night,4,13.0,8,14,No,58.1
5,93.0,59,2,7.0,Night,2,8.0,5,24,No,60.5
4,94.0,50,8,4.0,Night,7,2.0,1,79,No,48.9
16,84.0,55,7,8.0,Night,9,10.0,8,16,Yes,64.3
24,83.0,90,3,8.0,Afternoon,7,12.0,9,66,No,80.7
16,71.0,70,0,7.0,Night,6,7.0,10,22,Yes,67.6
2,77.0,94,0,5.0,Afternoon,10,5.0,2,67,No,49.0
28,74.0,45,0,8.0,Afternoon,1,4.0,9,88,No,51.7
32,75.0,95,0,7.0,Night,11,4.0,8,29,No,82.0
27,86.0,58,7,8.0,Nite,10,3.0,7,16,Yes,66.6
20,67.0,76,2,8.0,Afternoon,9,3.0,3,25,No,69.5
24,84.0,97,5,,Afternoon,5,13.0,2,29,No,69.8
12,76.0,43,2,7.0,Night,11,,7,15,No,52.8
33,88.0,86,10,5.0,Night,5,6.0,5,68,No,82.9
33,67.0,100,4,7.0,Afternoon,6,10.0,6,77,No,78.2
12,74.0,43,6,,Afternoon,9,,4,54,No,59.8
3,86.0,59,1,8.0,Afternoon,8,3.0,2,66,No,40.1
1,66.0,49,5,6.0,Morning,8,13.0,9,53,No,46.5
33,62.0,63,5,6.0,Afternoon,8,7.0,3,18,No,70.5
10,88.0,93,10,8.0,Morning,1,11.0,7,5,No,69.6
29,83.0,74,2,8.0,Night,1,3.0,8,85,Yes,75.0
13,62.0,65,5,,Night,8,13.0,2,29,No,70.4
12,79.0,76,9,8.0,Afternoon,5,5.0,6,63,No,63.7
31,74.0,77,9,7.0,Night,9,7.0,8,76,No,69.5
2,84.0,60,4,7.0,Night,2,6.0,7,73,No,59.4
23,89.0,93,1,8.0,Night,9,2.0,3,9,No,71.3
17,,79,8,7.0,Night,8,7.0,1,23,No,84.9
26,66.0,78,7,7.0,Morning,9,2.0,6,27,No,83.4
8,76.0,60,2,6.0,Morning,4,4.0,8,13,No,47.4
29,79.0,49,7,7.0,Afternoon,1,11.0,6,54,No,53.6
26,95.0,77,8,8.0,Afternoon,1,6.0,5,20,No,87.9
10,68.0,85,2,6.0,Afternoon,5,11.0,8,37,No,70.6
26,97.0,43,2,6.0,Night,2,6.0,2,6,Yes,74.3
34,,99,1,6.0,Night,8,11.0,1,18,No,63.7
7,61.0,96,7,6.0,Morning,10,7.0,1,5,No,85.2
4,83.0,84,9,6.0,Morning,11,13.0,4,62,No,63.5
11,67.0,59,0,7.0,Afternoon,5,11.0,6,20,Yes,54.5
29,,56,7,,Morning,5,9.0,9,83,No,69.1
25,72.0,94,6,7.0,Morning,2,6.0,1,51,No,53.0
21,76.0,46,6,6.0,Morning,7,12.0,1,48,No,61.2
10,67.0,43,2,5.0,Morning,8,2.0,5,84,No,56.2
9,,68,0,7.0,Nite,10,6.0,10,18,No,69.6
24,77.0,53,3,7.0,Afternoon,1,4.0,5,28,No,75.7
18,89.0,42,8,8.0,Afternoon,2,5.0,5,59,No,70.5
32,77.0,63,4,7.0,Morning,10,9.0,10,19,No,60.2
24,90.0,76,0,8.0,Afternoon,4,8.0,6,87,No,74.5
23,97.0,55,4,6.0,Night,5,12.0,8,76,No,57.6
32,91.0,97,7,7.0,Morning,2,6.0,3,38,Yes,85.2
12,70.0,94,7,6.0,Night,1,3.0,9,6,No,89.7
13,84.0,91,4,9.0,Afternoon,9,7.0,1,31,No,78.7
23,92.0,43,8,7.0,Afternoon,1,,4,78,Yes,70.7
25,97.0,95,0,6.0,Night,4,7.0,9,76,No,96.6
30,100.0,63,3,6.0,Afternoon,2,11.0,8,27,No,57.8
17,67.0,73,2,6.0,Morning,11,11.0,10,72,No,58.3
20,70.0,69,1,7.0,Night,4,12.0,9,18,Yes,63.5
25,81.0,57,7,6.0,Morning,8,7.0,1,67,No,58.8
22,83.0,58,6,7.0,Night,8,10.0,9,69,Yes,64.5
13,100.0,70,8,6.0,Afternoon,11,12.0,3,72,Yes,77.9
19,76.0,99,1,7.0,Night,9,9.0,10,67,No,80.2
12,71.0,99,3,8.0,Night,11,9.0,9,85,No,75.7
19,91.0,58,5,8.0,Morning,5,2.0,1,68,No,66.1
12,74.0,88,10,,Afternoon,7,6.0,1,36,Yes,77.9
9,75.0,85,2,6.0,Morning,3,8.0,9,83,No,76.7
7,81.0,58,7,5.0,Afternoon,10,7.0,6,17,Yes,76.3
28,87.0,61,2,7.0,Morning,4,6.0,4,70,No,68.1
14,79.0,63,1,7.0,Night,10,9.0,7,23,No,49.9
31,92.0,84,2,7.0,Morning,9,4.0,5,28,No,72.0
19,69.0,51,10,4.0,Afternoon,10,7.0,10,15,Yes,69.3
16,99.0,69,5,6.0,Afternoon,10,6.0,7,63,No,64.8
5,91.0,97,1,4.0,Night,1,9.0,8,19,No,73.2
12,92.0,77,7,8.0,Afternoon,2,5.0,8,14,Yes,79.9
25,61.0,92,0,,Morning,5,9.0,1,45,Yes,71.8
21,92.0,70,6,7.0,Night,3,11.0,8,31,No,69.7
23,92.0,75,1,4.0,Afternoon,2,3.0,6,64,No,77.5
16,100.0,58,9,7.0,Afternoon,1,10.0,4,77,No,62.5
14,72.0,87,5,6.0,Morning,10,10.0,8,56,No,65.8
31,89.0,84,1,,Morning,3,11.0,3,32,No,65.1
5,92.0,75,1,8.0,Night,1,11.0,4,69,No,59.2
23,,69,9,6.0,Afternoon,1,7.0,6,21,Yes,54.3
29,85.0,94,7,9.0,Morning,1,5.0,7,48,Yes,88.8
11,81.0,88,1,9.0,Night,8,,4,14,No,84.5
18,98.0,94,6,8.0,Afternoon,3,7.0,4,67,No,89.0
12,61.0,72,2,8.0,Afternoon,11,6.0,7,86,No,56.1
9,97.0,57,7,6.0,Night,1,7.0,6,51,No,57.7
10,,91,6,7.0,Night,7,8.0,8,42,No,67.7
17,85.0,88,7,5.0,Morning,10,8.0,1,74,No,62.8
7,74.0,98,6,5.0,Afternoon,3,10.0,10,80,Yes,74.4
13,93.0,67,10,9.0,Afternoon,8,9.0,7,57,No,93.3
9,99.0,98,5,6.0,Afternoon,4,7.0,7,82,No,59.5
27,70.0,86,6,8.0,Night,4,13.0,7,48,No,78.8
2,62.0,50,4,8.0,Morning,5,7.0,7,78,No,39.5
5,65.0,96,6,8.0,Afternoon,6,6.0,10,58,No,71.9
29,68.0,99,0,9.0,Night,7,2.0,10,24,Yes,69.0
19,65.0,93,0,6.0,Afternoon,4,10.0,8,83,Yes,54.7
8,68.0,84,8,4.0,Morning,8,10.0,9,35,No,73.7
1,98.0,72,4,7.0,Afternoon,6,10.0,9,11,No,67.9
22,90.0,56,4,5.0,Morning,1,12.0,2,62,No,63.8
17,91.0,45,2,4.0,Morning,1,9.0,7,14,Yes,42.4
7,100.0,43,4,7.0,Afternoon,9,11.0,7,14,Yes,63.2
25,71.0,59,2,8.0,Afternoon,10,4.0,4,43,No,65.1
4,67.0,87,8,7.0,Morning,6,2.0,9,32,Yes,78.8
6,,86,8,6.0,Night,10,12.0,8,34,Yes,68.1
31,87.0,66,5,7.0,Morning,8,13.0,1,41,No,65.4
19,79.0,54,0,6.0,Afternoon,7,13.0,2,71,No,46.7
27,,45,6,4.0,Afternoon,6,9.0,2,47,No,59.5
10,70.0,86,6,8.0,Night,4,8.0,8,83,Yes,68.3
26,79.0,53,9,7.0,Morning,7,6.0,1,89,No,63.6
19,75.0,99,9,8.0,Morning,9,11.0,4,56,No,70.0
3,63.0,50,3,4.0,Morning,11,8.0,10,60,No,47.7
13,65.0,78,7,8.0,Afternoon,10,11.0,5,80,No,60.7
28,81.0,48,5,7.0,Morning,10,5.0,9,72,No,64.0
20,85.0,65,3,7.0,Night,7,10.0,7,13,No,72.3
28,62.0,55,3,7.0,Afternoon,1,12.0,8,27,No,49.3
8,100.0,44,1,8.0,Afternoon,10,11.0,9,67,No,51.6
1,73.0,96,1,7.0,Morning,9,3.0,7,65,No,66.4
3,70.0,91,3,7.0,Night,4,10.0,5,44,No,66.8
13,77.0,100,4,9.0,Afternoon,3,10.0,5,48,No,83.7
28,71.0,49,7,8.0,Afternoon,4,6.0,10,28,Yes,68.7
25,82.0,89,5,,Morning,4,12.0,6,55,No,72.6
33,71.0,42,3,8.0,Morning,10,2.0,5,62,No,62.9
6,72.0,52,10,7.0,Night,11,8.0,9,37,No,68.6
32,84.0,82,6,6.0,Morning,2,11.0,3,20,No,84.4
21,78.0,88,7,7.0,Night,1,11.0,3,26,No,80.4
16,95.0,69,1,9.0,Afternoon,10,5.0,7,61,No,70.0
21,67.0,93,6,9.0,Night,1,10.0,7,66,No,75.6
11,88.0,84,1,,Night,8,7.0,6,86,No,62.9
19,91.0,45,1,7.0,Night,2,4.0,3,75,No,60.4
20,77.0,56,7,6.0,Afternoon,10,7.0,7,76,No,65.8
18,65.0,98,1,9.0,Morning,5,11.0,5,74,No,67.6
14,77.0,84,10,9.0,Afternoon,4,7.0,7,34,No,74.2
15,78.0,90,8,7.0,Morning,8,,2,27,No,92.8
31,81.0,92,0,8.0,Night,2,3.0,6,36,Yes,73.6
1,96.0,58,8,8.0,Night,10,11.0,8,61,No,52.1
3,91.0,81,0,7.0,Night,9,11.0,1,13,Yes,59.9
16,100.0,74,9,5.0,Night,7,3.0,4,35,No,80.0
23,62.0,85,9,7.0,Night,7,8.0,1,75,Yes,71.1
11,87.0,65,1,7.0,Morning,1,3.0,1,13,No,65.3
12,69.0,90,5,7.0,Morning,2,13.0,10,17,Yes,72.6
10,94.0,44,5,7.0,Night,4,7.0,8,62,No,55.6
32,88.0,68,0,9.0,Afternoon,4,6.0,7,7,No,75.3
16,74.0,76,6,6.0,Afternoon,11,5.0,10,39,No,59.9
8,92.0,59,7,,Night,3,8.0,1,25,No,63.7
12,66.0,88,1,7.0,Morning,7,9.0,2,68,No,69.1
59,71.0,60,7,7.0,Afternoon,8,5.0,4,56,No,69.6
28,89.0,49,8,7.0,Afternoon,2,2.0,1,38,No,73.9
8,80.0,44,5,6.0,Afternoon,4,2.0,3,39,No,69.9
28,90.0,75,4,6.0,Night,3,2.0,8,19,No,89.4
26,83.0,45,8,7.0,Afternoon,2,12.0,8,10,Yes,54.4
8,79.0,65,10,,Afternoon,6,,8,89,Yes,57.9
28,96.0,43,8,6.0,Afternoon,4,6.0,6,36,No,68.1
28,63.0,78,0,8.0,Afternoon,6,5.0,6,56,No,50.1
27,87.0,78,10,7.0,Morning,2,10.0,5,87,No,62.4
17,,89,2,7.0,Night,4,4.0,9,32,No,78.2
58,83.0,74,8,,Night,11,,4,89,Yes,73.8
33,91.0,40,10,6.0,Morning,6,12.0,10,68,Yes,76.0
20,100.0,63,1,4.0,Morning,5,9.0,7,83,No,67.9
13,95.0,96,3,8.0,Night,3,7.0,1,82,No,91.1
28,93.0,75,3,7.0,Afternoon,8,13.0,9,23,Yes,74.1
29,95.0,45,1,7.0,Afternoon,7,11.0,7,19,No,45.9
13,61.0,80,2,8.0,Night,3,2.0,10,10,No,75.2
6,74.0,93,2,8.0,Afternoon,6,9.0,9,77,No,78.2
18,93.0,85,0,9.0,Morning,4,11.0,7,88,No,71.7
5,95.0,99,5,7.0,Afternoon,11,,2,42,No,90.8
25,65.0,83,7,7.0,Afternoon,5,9.0,6,30,No,73.1
2,98.0,99,2,7.0,Afternoon,11,13.0,10,86,No,75.7
10,71.0,96,4,6.0,Night,5,5.0,4,55,No,71.6
30,62.0,70,0,7.0,Morning,7,9.0,3,77,No,71.2
5,77.0,59,9,,Afternoon,11,,2,57,Yes,65.2
33,99.0,63,6,9.0,Night,5,2.0,6,60,No,63.0
1,80.0,64,9,7.0,Afternoon,11,4.0,8,63,No,79.4
18,74.0,75,0,7.0,Morning,3,7.0,6,74,No,54.7
32,92.0,60,10,7.0,Afternoon,10,10.0,9,82,Yes,71.9
11,94.0,69,8,5.0,Morning,5,3.0,5,62,No,77.5
21,85.0,63,7,,Afternoon,7,12.0,2,17,No,71.1
26,67.0,83,6,7.0,Morning,5,2.0,8,47,No,79.8
25,95.0,81,9,5.0,Afternoon,5,11.0,9,80,No,72.2
61,89.0,69,6,7.0,Morning,9,4.0,10,55,No,79.1
27,82.0,61,4,8.0,Afternoon,3,5.0,4,23,No,73.7
13,73.0,67,4,8.0,Afternoon,6,12.0,6,25,Yes,70.6
33,73.0,46,10,7.0,Night,1,6.0,10,87,No,51.8
34,61.0,74,4,6.0,Night,10,4.0,8,28,No,59.6
1,96.0,94,0,8.0,Morning,5,11.0,9,30,No,59.8
21,64.0,67,7,8.0,Afternoon,8,12.0,5,49,No,67.1
6,97.0,53,10,6.0,Morning,5,3.0,6,32,No,57.4
28,100.0,95,0,8.0,Night,9,3.0,4,86,Yes,67.2
17,73.0,49,3,6.0,Morning,11,8.0,5,33,No,48.4
5,98.0,55,8,8.0,Morning,6,10.0,7,21,No,51.7
31,84.0,55,8,9.0,Night,8,,9,72,No,65.4
5,,93,4,4.0,Afternoon,10,3.0,10,48,Yes,57.3
3,61.0,70,3,8.0,Morning,8,8.0,6,65,No,56.6
23,,81,2,,Night,3,8.0,6,72,No,69.2
10,65.0,64,2,9.0,Afternoon,7,12.0,8,78,No,48.1
10,76.0,52,4,7.0,Night,7,8.0,4,29,Yes,51.2
19,84.0,45,9,8.0,Morning,10,4.0,3,71,Yes,62.9
17,87.0,83,0,5.0,Afternoon,6,13.0,7,6,Yes,72.9
21,61.0,48,4,6.0,Afternoon,7,8.0,5,53,No,61.9
14,94.0,84,5,5.0,Night,2,2.0,2,74,Yes,83.6
9,96.0,75,6,9.0,Night,9,11.0,2,30,Yes,88.9
1,64.0,95,8,8.0,Night,10,2.0,6,76,Yes,77.8
13,60.0,82,2,8.0,Afternoon,10,6.0,8,31,No,66.8
4,99.0,59,1,9.0,Afternoon,1,3.0,1,22,Yes,53.3
1,71.0,57,2,,Morning,1,10.0,6,58,No,41.5
32,95.0,97,8,7.0,Afternoon,3,8.0,2,5,No,91.7
34,82.0,82,6,5.0,Morning,3,5.0,2,65,No,63.1
28,90.0,96,8,6.0,Night,1,5.0,7,7,No,92.0
31,70.0,60,1,6.0,Night,7,3.0,10,72,No,56.5
8,69.0,43,4,7.0,Afternoon,4,6.0,1,45,No,40.6
26,62.0,89,3,6.0,Night,10,5.0,6,41,No,62.3
34,73.0,72,1,5.0,Night,2,13.0,7,55,No,76.9
3,75.0,66,8,6.0,Afternoon,10,2.0,8,19,No,55.8
12,69.0,46,8,5.0,Morning,5,13.0,7,12,No,56.5
1,88.0,45,5,9.0,Afternoon,6,9.0,6,42,No,60.4
5,69.0,54,10,8.0,Morning,9,4.0,9,87,No,65.7
30,71.0,57,5,9.0,Afternoon,4,7.0,3,60,No,54.5
30,89.0,71,7,7.0,Afternoon,2,5.0,6,51,No,64.7
17,100.0,95,5,,Night,5,10.0,4,14,No,84.9
23,60.0,50,0,8.0,Afternoon,3,8.0,2,82,Yes,22.6
15,64.0,59,3,6.0,Afternoon,2,10.0,1,53,Yes,53.1
21,79.0,63,6,6.0,Morning,1,11.0,1,45,No,63.1
45,,54,1,6.0,Night,10,4.0,10,87,Yes,60.6
2,,87,8,5.0,Morning,2,2.0,3,34,No,62.0
11,,46,7,6.0,Morning,6,6.0,4,9,Yes,52.0
34,79.0,60,7,7.0,Night,8,4.0,2,75,No,66.0
34,87.0,81,6,7.0,Night,3,,1,87,No,71.8
18,96.0,65,3,5.0,Night,11,9.0,4,35,No,54.9
30,96.0,83,1,6.0,Afternoon,9,12.0,7,56,No,64.4
15,71.0,95,2,8.0,Night,9,5.0,10,27,Yes,87.7
27,96.0,53,5,5.0,Night,2,6.0,6,52,Yes,66.6
34,87.0,96,4,6.0,Night,8,6.0,6,44,No,65.3
33,74.0,76,7,8.0,Morning,10,,9,10,No,82.6
24,65.0,97,5,6.0,Morning,11,5.0,2,42,No,63.4
15,79.0,60,5,5.0,Afternoon,5,5.0,4,45,No,60.0
30,73.0,57,0,7.0,Morning,4,5.0,5,31,No,58.5
17,61.0,44,3,6.0,Afternoon,10,5.0,1,79,No,55.1
5,68.0,42,4,7.0,Morning,5,6.0,8,73,No,27.2
29,96.0,62,10,,Night,4,3.0,8,61,Yes,84.0
4,79.0,65,2,5.0,Morning,8,,6,21,No,64.4
10,85.0,76,8,,Afternoon,4,10.0,5,75,No,66.8
17,88.0,63,0,7.0,Morning,10,3.0,8,51,Yes,62.9
10,60.0,88,5,5.0,Night,6,7.0,3,83,No,40.7
17,94.0,58,5,7.0,Afternoon,2,3.0,3,17,Yes,46.2
20,65.0,90,9,6.0,Night,5,6.0,2,15,No,88.8
24,96.0,64,4,7.0,Night,6,5.0,5,28,No,65.8
5,64.0,60,4,5.0,Afternoon,5,,3,77,No,44.2
34,92.0,51,9,7.0,Night,2,8.0,3,8,No,68.8
6,73.0,96,4,6.0,Night,7,8.0,6,50,No,68.3
2,71.0,100,5,8.0,Morning,4,7.0,8,22,No,70.8
13,,80,7,5.0,Night,8,11.0,2,47,No,73.5
11,83.0,72,1,7.0,Night,7,6.0,4,84,No,47.7
23,93.0,89,5,7.0,Night,7,2.0,7,37,No,93.1
16,84.0,92,0,8.0,Night,9,13.0,1,14,No,66.8
31,88.0,43,3,7.0,Afternoon,1,4.0,1,77,Yes,43.6
11,98.0,81,9,7.0,Morning,10,10.0,10,63,No,72.8
16,90.0,96,2,8.0,Night,6,2.0,7,35,Yes,81.7
8,82.0,46,8,8.0,Night,6,6.0,7,32,No,58.6
4,97.0,61,2,6.0,Afternoon,6,3.0,1,64,No,43.5
4,79.0,94,5,7.0,Night,6,5.0,1,7,Yes,68.3
25,82.0,72,0,8.0,Afternoon,10,12.0,4,59,No,53.1
3,75.0,56,5,9.0,Morning,7,2.0,5,18,No,67.6
32,67.0,63,3,8.0,Morning,10,4.0,5,62,No,59.2
3,80.0,100,7,7.0,Night,6,11.0,4,19,No,89.3
27,,100,10,6.0,Night,1,,8,6,No,81.3
29,67.0,73,8,7.0,Night,3,11.0,7,28,Yes,68.4
32,88.0,67,3,8.0,Afternoon,2,4.0,9,82,No,69.3
19,91.0,97,9,7.0,Night,6,5.0,7,68,No,94.8
21,97.0,82,9,7.0,Night,8,3.0,10,75,No,92.6
5,64.0,80,5,8.0,Morning,3,4.0,1,28,No,56.3
18,81.0,78,0,7.0,Night,10,10.0,7,31,No,58.2
28,93.0,61,3,,Morning,8,4.0,1,41,No,61.1
22,60.0,88,6,7.0,Night,8,12.0,7,43,No,84.2
21,85.0,56,0,6.0,Morning,5,6.0,10,67,Yes,49.6
6,69.0,73,7,7.0,Night,8,3.0,8,83,No,61.8
1,89.0,45,9,8.0,Morning,6,5.0,9,30,No,66.1
5,77.0,85,10,,Afternoon,5,13.0,3,69,Yes,76.3
12,76.0,45,5,6.0,Morning,9,8.0,4,8,No,59.3
26,85.0,73,4,,Morning,7,8.0,4,33,No,70.5
34,67.0,40,9,6.0,Morning,8,13.0,9,5,No,48.1
14,99.0,49,10,7.0,Night,1,4.0,7,54,Yes,66.3
26,71.0,60,8,7.0,Night,11,6.0,3,15,No,76.1
27,86.0,44,1,7.0,Night,2,2.0,10,78,Yes,61.1
9,67.0,41,4,7.0,Mornng,8,11.0,5,63,No,34.1
26,84.0,61,5,6.0,Afternoon,9,11.0,7,66,Yes,70.4
22,63.0,87,6,7.0,Morning,4,11.0,8,85,No,81.9
30,92.0,96,4,7.0,Mornng,10,12.0,1,40,No,77.4
17,60.0,41,8,7.0,Morning,11,2.0,2,60,No,57.7
26,78.0,49,0,5.0,Morning,10,6.0,7,25,Yes,60.9
1,90.0,73,6,7.0,Morning,9,11.0,2,17,No,57.5
8,75.0,55,9,6.0,Afternoon,4,10.0,7,13,No,82.2
15,73.0,87,6,6.0,Night,10,2.0,9,15,No,89.9
22,64.0,90,3,6.0,Afternoon,10,2.0,2,79,No,73.4
14,100.0,100,8,6.0,Morning,10,5.0,7,74,No,90.0
26,85.0,78,10,8.0,Morning,9,5.0,4,5,No,87.3
28,87.0,61,4,6.0,Afternoon,11,3.0,2,74,Yes,50.1
23,,51,3,9.0,Morning,7,,7,81,Yes,67.6
14,65.0,63,6,9.0,Morning,2,10.0,5,60,No,69.5
24,68.0,86,3,7.0,Afternoon,9,3.0,1,35,Yes,81.6
2,92.0,79,2,,Afternoon,4,10.0,5,41,No,61.5
26,100.0,77,8,7.0,Afternoon,8,7.0,3,51,No,76.9
14,,99,10,8.0,Morning,7,9.0,7,82,No,82.0
7,72.0,98,7,7.0,Morning,7,,6,51,Yes,82.6
3,68.0,49,0,5.0,Night,8,5.0,8,73,Yes,37.3
23,72.0,74,6,7.0,Night,1,3.0,5,62,No,69.2
18,90.0,90,8,8.0,Afternoon,5,3.0,2,40,No,89.3
15,100.0,88,7,8.0,Mornng,2,10.0,9,36,No,79.9
25,70.0,71,7,6.0,Morning,2,2.0,8,68,Yes,79.9
28,63.0,46,5,7.0,Night,1,13.0,6,75,Yes,49.5
10,93.0,60,10,6.0,Morning,5,8.0,10,46,Yes,61.5
17,97.0,59,3,6.0,Afternoon,2,12.0,7,52,No,57.4
22,63.0,65,7,8.0,Afternoon,4,4.0,9,78,No,77.5
26,97.0,43,2,6.0,Morning,3,4.0,7,85,Yes,48.4
25,78.0,85,8,6.0,Night,3,3.0,3,34,Yes,87.3
17,65.0,91,1,4.0,Afternoon,2,,6,25,No,67.7
13,93.0,61,1,8.0,Afternoon,6,7.0,7,64,No,59.0
20,77.0,54,6,8.0,Night,2,11.0,2,17,No,80.8
25,72.0,95,9,7.0,Night,8,3.0,3,5,Yes,76.1
4,100.0,79,3,8.0,Morning,8,11.0,4,69,No,59.0
10,82.0,60,9,6.0,Night,5,5.0,10,37,No,70.8
3,78.0,54,7,7.0,Night,10,11.0,6,42,Yes,74.7
18,70.0,61,8,7.0,Night,7,10.0,1,29,Yes,63.7
22,60.0,91,6,5.0,Morning,4,10.0,9,30,No,77.8
34,83.0,67,4,7.0,Morning,1,7.0,5,81,Yes,59.4
8,,53,7,9.0,Afternoon,11,5.0,7,63,Yes,60.7
19,84.0,66,3,4.0,Morning,2,8.0,9,37,No,63.5
6,80.0,100,1,6.0,Afternoon,10,2.0,9,45,No,80.0
26,74.0,80,10,6.0,Mornng,10,13.0,1,34,No,81.0
34,60.0,79,5,6.0,Afternoon,4,5.0,1,61,No,60.9
6,71.0,97,8,9.0,Afternoon,1,6.0,3,53,No,68.2
33,66.0,67,0,7.0,Night,8,9.0,6,52,No,54.2
22,74.0,65,10,7.0,Afternoon,9,13.0,2,76,Yes,78.2
21,80.0,88,9,8.0,Morning,4,,10,53,No,80.1
6,78.0,41,6,6.0,Morning,10,13.0,1,51,Yes,48.9
6,88.0,64,9,7.0,Morning,3,6.0,1,60,No,56.5
4,84.0,95,8,7.0,Morning,2,7.0,5,69,No,69.1
30,92.0,42,9,7.0,Afternoon,5,6.0,4,16,No,75.7
11,91.0,47,8,9.0,Afternoon,3,10.0,1,73,No,64.5
30,94.0,83,9,8.0,Night,10,11.0,4,10,No,85.6
31,97.0,72,10,7.0,Afternoon,7,2.0,3,69,No,61.1
24,85.0,81,2,8.0,Afternoon,11,4.0,2,29,No,66.7
9,70.0,91,10,6.0,Afternoon,6,3.0,9,5,No,89.6
3,94.0,74,4,4.0,Night,1,13.0,1,36,No,48.4
31,67.0,45,7,6.0,Morning,8,4.0,7,7,No,56.7
24,73.0,78,7,6.0,Afternoon,2,11.0,4,53,No,76.8
31,69.0,91,3,7.0,Night,5,10.0,5,23,No,58.7
6,61.0,62,10,7.0,Night,9,10.0,10,64,Yes,49.3
2,68.0,64,10,9.0,Night,8,11.0,5,33,No,49.7
20,62.0,98,0,7.0,Morning,2,3.0,1,54,No,71.0
28,80.0,89,0,7.0,Afternoon,9,4.0,6,6,No,68.3
11,85.0,82,3,5.0,Night,5,,9,77,No,77.3
4,67.0,58,5,4.0,Morning,10,10.0,2,60,No,49.8
15,61.0,44,7,7.0,Night,6,4.0,7,21,Yes,72.5
6,65.0,90,5,7.0,Night,3,8.0,6,64,Yes,57.7
30,87.0,50,8,8.0,Night,3,13.0,5,40,No,65.6
2,88.0,95,8,6.0,Night,10,4.0,4,65,Yes,71.1
15,85.0,51,1,4.0,Night,8,8.0,4,21,No,58.5
11,84.0,49,9,7.0,Morning,11,8.0,6,53,No,64.2
8,71.0,47,0,6.0,Afternoon,10,10.0,4,80,No,32.7
26,64.0,63,1,4.0,Afternoon,10,3.0,5,64,No,53.8
5,93.0,99,4,8.0,Afternoon,2,7.0,6,24,Yes,79.8
52,96.0,67,3,5.0,Afternoon,11,10.0,5,54,No,55.8
26,74.0,80,3,7.0,Morning,2,13.0,7,7,No,74.7
4,95.0,75,8,6.0,Morning,5,13.0,9,47,No,63.3
19,74.0,76,10,6.0,Morning,6,,10,61,Yes,96.9
20,,60,7,7.0,Night,2,3.0,7,54,No,77.3
33,,47,5,8.0,Night,5,6.0,7,72,No,55.5
20,80.0,94,0,7.0,Night,7,11.0,4,85,No,90.5
12,82.0,48,1,8.0,Afternoon,10,11.0,1,54,Yes,44.8
1,75.0,86,5,5.0,Night,10,13.0,8,41,Yes,69.0
26,74.0,54,10,8.0,Afternoon,8,11.0,4,50,Yes,67.0
14,84.0,87,1,6.0,Night,7,9.0,1,46,No,73.1
11,95.0,85,9,7.0,Afternoon,8,12.0,5,19,No,93.8
13,70.0,79,4,7.0,Night,9,10.0,8,37,No,72.0
3,74.0,57,4,9.0,Night,5,3.0,4,84,No,60.3
33,63.0,81,5,7.0,Morning,5,6.0,8,15,No,66.2
6,80.0,99,5,5.0,Night,11,8.0,8,24,No,76.2
10,72.0,59,5,4.0,Night,10,7.0,3,28,No,70.7
5,,45,1,8.0,Morning,4,7.0,9,68,Yes,51.5
23,,51,9,7.0,Afternoon,9,8.0,3,84,No,64.3
10,93.0,41,2,8.0,Morning,5,4.0,1,69,No,43.5
2,73.0,46,5,6.0,Morning,2,4.0,2,77,No,53.3
13,63.0,55,7,6.0,Afternoon,10,11.0,6,80,No,49.5
2,86.0,42,10,4.0,Night,8,10.0,10,21,Yes,49.7
20,88.0,84,0,9.0,Afternoon,7,9.0,2,65,Yes,67.6
1,87.0,42,0,7.0,Nite,8,6.0,6,19,No,24.1
9,94.0,66,10,9.0,Night,3,7.0,1,55,Yes,77.2
17,67.0,89,1,6.0,Afternoon,4,12.0,1,31,Yes,66.8
9,75.0,82,10,7.0,Morning,5,13.0,5,78,Yes,69.8
11,95.0,79,5,7.0,Afternoon,6,11.0,10,65,No,71.6
15,89.0,77,8,6.0,Nite,1,2.0,9,62,Yes,79.3
24,77.0,72,3,8.0,Afternoon,4,11.0,8,35,No,60.2
30,61.0,67,2,9.0,Afternoon,11,13.0,3,16,No,57.1
31,72.0,40,7,8.0,Night,10,2.0,3,50,No,53.8
5,63.0,94,10,8.0,Morning,5,5.0,1,35,Yes,77.1
14,85.0,47,9,6.0,Afternoon,7,3.0,3,36,No,63.6
11,84.0,76,8,6.0,Night,5,12.0,1,36,No,67.6
9,89.0,71,10,9.0,Night,1,8.0,8,57,No,78.6
34,70.0,99,4,4.0,Afternoon,11,3.0,1,65,No,79.0
12,66.0,87,8,8.0,Morning,7,,5,50,No,69.4
1,90.0,82,1,8.0,Afternoon,8,3.0,9,89,Yes,66.2
22,69.0,76,2,7.0,Morning,7,,7,78,No,68.0
29,98.0,43,6,9.0,Morning,11,5.0,4,84,No,50.4
8,72.0,69,6,6.0,Morning,4,9.0,9,11,Yes,73.9
11,90.0,45,5,6.0,Morning,8,5.0,9,8,No,78.1
14,66.0,85,5,5.0,Afternoon,5,13.0,2,56,No,64.7
30,95.0,93,1,7.0,Night,10,7.0,10,35,Yes,77.3
21,,58,9,6.0,Night,9,6.0,10,79,Yes,68.2
5,63.0,71,5,6.0,Night,10,12.0,6,88,Yes,59.8
19,66.0,48,3,8.0,Night,5,3.0,4,40,No,57.8
14,60.0,51,2,9.0,Night,1,12.0,8,58,Yes,35.9
26,72.0,50,10,6.0,Night,9,13.0,7,58,Yes,55.7
4,81.0,85,1,7.0,Afternoon,5,9.0,7,21,Yes,68.3
25,80.0,94,0,9.0,Morning,6,3.0,10,79,No,73.7
25,81.0,55,10,5.0,Night,4,10.0,9,34,No,61.0
18,87.0,40,10,5.0,Afternoon,6,10.0,5,26,No,75.2
8,68.0,84,4,6.0,Night,8,4.0,6,47,Yes,61.2
14,85.0,94,1,7.0,Night,3,5.0,1,31,No,73.1
32,68.0,92,1,6.0,Morning,5,9.0,6,41,No,66.0
33,74.0,60,6,9.0,Morning,2,10.0,2,50,No,51.0
23,69.0,69,7,7.0,Morning,2,4.0,6,39,No,71.9
15,83.0,52,9,7.0,Nite,7,6.0,9,8,No,73.6
33,67.0,73,7,6.0,Night,10,12.0,8,84,No,61.1
25,83.0,43,3,7.0,Night,10,9.0,9,84,Yes,50.7
17,75.0,67,0,7.0,Morning,11,4.0,10,89,No,64.3
33,85.0,77,10,8.0,Afternoon,10,8.0,8,30,No,64.7
2,86.0,97,6,8.0,Night,6,12.0,3,23,No,67.1
14,96.0,70,0,,Night,4,9.0,8,85,No,64.1
6,63.0,98,10,9.0,Night,5,11.0,6,49,No,74.2
6,83.0,94,3,8.0,Afternoon,1,12.0,6,30,Yes,67.0
3,78.0,66,7,8.0,Night,7,4.0,6,26,Yes,71.9
7,95.0,44,1,5.0,Afternoon,8,3.0,3,62,No,44.0
8,98.0,64,5,4.0,Night,9,11.0,10,67,No,81.0
15,69.0,42,5,6.0,Afternoon,8,8.0,1,32,Yes,36.1
29,84.0,72,8,7.0,Night,5,13.0,4,69,Yes,52.4
33,77.0,43,4,7.0,Morning,3,10.0,10,48,No,60.3
30,78.0,64,9,7.0,Morning,10,2.0,6,47,No,64.9
27,95.0,59,3,8.0,Morning,11,4.0,10,41,No,60.5
29,69.0,73,4,8.0,Morning,9,6.0,2,70,No,70.8
33,92.0,65,9,9.0,Night,6,4.0,7,21,No,73.2
27,64.0,44,10,6.0,Morning,5,2.0,7,44,No,70.1
33,94.0,74,4,7.0,Afternoon,3,8.0,4,42,No,64.6
4,93.0,100,7,6.0,Morning,6,8.0,4,89,No,81.1
22,92.0,67,9,6.0,Morning,3,11.0,1,65,No,67.3
2,80.0,68,7,6.0,Morning,10,13.0,2,13,No,52.4
10,76.0,48,1,6.0,Night,6,9.0,9,81,No,61.6
5,,91,6,7.0,Morning,4,6.0,10,79,No,83.9
10,96.0,77,7,8.0,Afternoon,2,11.0,8,65,Yes,69.1
33,74.0,89,10,5.0,Morning,8,13.0,8,84,Yes,76.1
13,94.0,45,5,8.0,Nite,4,6.0,9,20,Yes,74.9
31,87.0,58,4,7.0,Morning,9,6.0,7,6,Yes,57.5
24,66.0,99,10,6.0,Afternoon,7,2.0,9,76,Yes,80.4
15,91.0,83,8,7.0,Morning,2,11.0,10,47,No,85.2
29,,96,2,6.0,Afternoon,4,6.0,2,46,No,89.2
8,69.0,50,9,7.0,Afternoon,5,7.0,6,81,No,57.9
5,68.0,41,3,7.0,Morning,3,,3,61,Yes,47.7
29,73.0,86,8,6.0,Afternoon,9,2.0,6,85,No,69.8
4,72.0,83,5,5.0,Night,5,12.0,3,71,No,63.7
12,84.0,83,7,7.0,Morning,2,8.0,8,34,No,75.1
2,61.0,48,6,9.0,Morning,11,2.0,4,17,No,65.6
27,94.0,60,10,6.0,Afternoon,3,12.0,10,23,Yes,88.9
31,66.0,63,1,8.0,Afternoon,9,3.0,6,11,Yes,76.9
26,80.0,73,2,7.0,Morning,7,3.0,9,13,No,64.9
27,77.0,61,0,,Night,2,6.0,2,87,Yes,53.7
5,62.0,42,8,8.0,Afternoon,9,11.0,2,58,No,49.5
20,98.0,51,6,7.0,Afternoon,4,,7,86,No,59.3
11,100.0,67,0,7.0,Night,9,2.0,2,65,No,62.7
10,70.0,69,2,8.0,Night,2,11.0,2,6,Yes,64.5
6,98.0,65,3,7.0,Morning,10,2.0,4,54,No,59.1
8,83.0,87,3,6.0,Night,4,2.0,9,79,No,66.2
23,78.0,60,4,4.0,Morning,5,7.0,8,35,No,57.1
26,63.0,67,2,8.0,Night,2,3.0,2,37,Yes,48.4
12,85.0,95,2,8.0,Afternoon,10,2.0,8,82,Yes,83.3
26,97.0,65,0,5.0,Morning,1,7.0,4,84,Yes,54.2
13,,72,6,7.0,Morning,7,3.0,2,15,Yes,67.1
18,98.0,60,10,7.0,Morning,10,7.0,10,37,No,82.9
25,95.0,74,9,5.0,Night,1,11.0,7,11,Yes,80.5
33,,91,0,9.0,Afternoon,11,9.0,6,35,No,69.8
12,96.0,73,1,6.0,Morning,11,3.0,10,52,No,75.8
4,92.0,80,3,5.0,Morning,8,12.0,5,51,Yes,58.9
5,95.0,90,3,,Morning,3,10.0,1,82,No,49.8
8,62.0,86,4,8.0,Morning,10,9.0,2,57,No,73.7
28,68.0,57,10,4.0,Afternoon,6,13.0,8,84,No,56.3
31,67.0,97,1,7.0,Night,7,11.0,1,23,No,61.9
9,92.0,50,3,7.0,Afternoon,10,2.0,3,85,No,49.3
29,65.0,96,0,5.0,Morning,1,8.0,2,10,No,68.0
14,100.0,62,1,6.0,Afternoon,6,11.0,5,53,No,58.1
22,98.0,87,0,7.0,Morning,7,7.0,4,77,No,79.1
11,63.0,61,9,6.0,Night,6,7.0,7,54,No,77.1
23,72.0,56,9,9.0,Night,4,7.0,5,85,No,59.5
1,61.0,44,3,,Night,1,7.0,8,16,No,35.7
21,64.0,83,3,9.0,Morning,11,11.0,4,27,No,62.7
26,86.0,50,6,6.0,Afternoon,9,8.0,6,58,No,65.1
23,91.0,69,9,9.0,Night,4,13.0,4,73,Yes,72.3
1,80.0,54,10,7.0,Morning,7,4.0,2,63,No,54.5
15,67.0,66,10,6.0,Morning,7,7.0,1,40,No,57.6
21,97.0,74,8,5.0,Afternoon,2,4.0,1,7,No,62.0
9,67.0,72,8,5.0,Night,1,8.0,8,62,No,58.8
9,62.0,59,4,,Morning,8,8.0,4,59,No,62.6
10,,100,9,7.0,Afternoon,8,9.0,5,61,No,82.4
26,81.0,55,0,6.0,Night,7,3.0,8,21,Yes,56.9
25,65.0,73,0,7.0,Afternoon,8,10.0,7,43,No,64.4
26,61.0,41,5,6.0,Afternoon,3,6.0,8,72,No,40.6
11,82.0,74,1,7.0,Morning,11,10.0,8,59,No,62.4
2,61.0,79,7,7.0,Morning,2,11.0,6,49,No,47.0
7,97.0,95,8,8.0,Morning,7,6.0,10,80,No,88.1
18,76.0,67,3,8.0,Afternoon,8,8.0,2,5,No,65.4
27,94.0,86,4,7.0,Morning,1,12.0,6,25,No,79.2
50,93.0,78,10,7.0,Afternoon,10,10.0,1,87,No,84.4
27,82.0,45,7,7.0,Afternoon,9,5.0,1,25,Yes,66.5
17,89.0,48,2,8.0,Morning,11,3.0,3,56,No,46.6
24,,59,4,6.0,Night,4,10.0,3,86,No,63.8
25,81.0,99,2,6.0,Night,4,3.0,5,47,No,76.9
7,95.0,40,9,5.0,Night,3,4.0,1,56,Yes,42.4
6,64.0,47,2,7.0,Afternoon,6,11.0,10,71,No,43.1
24,72.0,94,2,7.0,Afternoon,1,3.0,6,48,No,80.1
33,88.0,62,6,8.0,Afternoon,6,4.0,7,36,No,61.2
29,90.0,42,6,6.0,Morning,2,7.0,10,14,No,73.6
22,75.0,43,6,7.0,Afternoon,9,4.0,3,68,No,48.4
26,89.0,97,9,8.0,Morning,2,11.0,4,83,No,81.3
28,75.0,64,7,8.0,Morning,7,9.0,10,73,No,62.4
21,71.0,86,4,7.0,Night,1,12.0,10,72,No,57.6
7,76.0,77,4,7.0,Night,7,7.0,10,32,No,59.7
17,75.0,54,3,6.0,Night,5,8.0,10,57,No,52.1
20,,60,6,9.0,Morning,8,2.0,10,55,Yes,66.9
20,67.0,74,9,5.0,Morning,4,4.0,3,57,Yes,48.1
22,79.0,96,3,9.0,Morning,10,4.0,1,8,No,84.5
28,62.0,92,1,7.0,Afternoon,7,3.0,8,83,No,74.3
7,75.0,92,3,7.0,Morning,6,8.0,10,21,No,82.3
1,89.0,85,7,4.0,Night,5,10.0,10,71,No,58.6
32,82.0,91,8,7.0,Night,4,5.0,2,78,No,76.6
13,87.0,53,2,7.0,Morning,7,13.0,1,51,No,59.3
30,99.0,75,6,6.0,Morning,5,6.0,8,60,No,85.1
23,64.0,51,8,7.0,Night,5,4.0,7,27,No,75.6
19,79.0,56,10,9.0,Morning,1,12.0,7,22,No,71.0
32,99.0,78,3,7.0,Night,2,10.0,4,5,No,72.1
30,60.0,48,9,8.0,Afternoon,5,5.0,9,39,No,49.6
29,,74,2,5.0,Night,3,6.0,6,68,No,75.0
29,80.0,99,4,7.0,Afternoon,2,2.0,2,62,Yes,75.3
30,79.0,52,0,5.0,Morning,4,12.0,1,63,Yes,46.5
16,,54,2,7.0,Morning,4,13.0,1,5,No,49.7
19,81.0,57,7,9.0,Afternoon,4,3.0,9,7,No,52.8
18,77.0,90,10,7.0,Morning,4,,4,71,No,73.3
1,67.0,72,7,5.0,Afternoon,3,10.0,5,41,No,62.1
14,98.0,45,3,7.0,Morning,7,3.0,3,87,No,55.6
69,91.0,98,1,7.0,Night,9,6.0,4,33,No,73.8
28,92.0,66,7,7.0,Morning,5,9.0,8,37,No,79.6
30,75.0,62,7,8.0,Night,4,4.0,4,65,No,59.1
4,71.0,98,9,8.0,Night,11,7.0,9,8,Yes,78.2
1,97.0,66,3,7.0,Afternoon,2,5.0,9,18,No,61.9
8,93.0,73,2,7.0,Morning,2,12.0,6,37,No,69.7
29,73.0,95,1,,Afternoon,5,8.0,2,26,No,68.2
3,95.0,85,8,5.0,Morning,7,11.0,10,52,No,61.8
32,92.0,77,0,7.0,Mornng,10,4.0,7,7,No,68.0
10,82.0,53,6,7.0,Night,10,7.0,9,89,No,65.6
10,61.0,75,4,7.0,Morning,9,13.0,6,27,No,71.4
19,100.0,92,7,7.0,Morning,7,11.0,3,72,No,84.6
34,80.0,47,3,5.0,Afternoon,5,10.0,7,25,No,41.0
33,61.0,74,6,7.0,Morning,10,12.0,5,47,Yes,59.7
23,86.0,58,4,6.0,Morning,10,11.0,1,89,No,61.0
28,68.0,69,4,6.0,Morning,10,2.0,3,30,Yes,71.5
32,60.0,53,8,,Afternoon,6,4.0,5,45,No,64.3
7,70.0,98,8,4.0,Morning,11,3.0,7,42,Yes,78.3
29,62.0,59,8,7.0,Night,3,9.0,3,15,No,69.4
8,82.0,88,5,6.0,Afternoon,5,8.0,6,33,No,68.3
1,85.0,64,5,8.0,Afternoon,8,3.0,5,64,No,60.4
3,63.0,79,4,7.0,Night,1,7.0,1,71,Yes,62.1
24,77.0,63,8,6.0,Night,1,4.0,10,69,No,76.0
23,65.0,53,9,7.0,Night,7,,6,65,No,66.8
8,94.0,65,7,8.0,Morning,5,11.0,8,23,No,74.6
3,81.0,77,6,9.0,Night,5,4.0,1,50,Yes,57.1
33,74.0,62,6,6.0,Morning,1,11.0,2,53,No,59.2
28,81.0,61,5,8.0,Afternoon,9,10.0,4,26,Yes,56.5
8,96.0,87,4,9.0,Afternoon,1,2.0,2,82,No,71.6
34,71.0,96,3,9.0,Night,5,6.0,9,61,No,65.3
51,97.0,58,2,7.0,Morning,10,4.0,10,18,No,69.0
24,77.0,85,2,7.0,Night,9,7.0,8,48,No,55.8
14,94.0,90,5,7.0,Night,4,11.0,8,20,No,85.8
32,89.0,42,3,8.0,Morning,8,3.0,4,81,No,53.2
16,83.0,81,5,7.0,Night,6,10.0,5,16,Yes,89.0
4,89.0,58,2,7.0,Afternoon,11,7.0,4,59,No,51.3
21,73.0,48,3,,Night,3,8.0,9,55,No,53.4
14,65.0,67,8,8.0,Morning,4,6.0,2,43,No,71.4
52,62.0,59,4,8.0,Morning,2,10.0,8,37,No,56.1
18,75.0,84,6,5.0,Nite,1,2.0,2,37,No,77.3
7,66.0,46,9,8.0,Morning,8,6.0,1,33,No,62.8
10,73.0,53,1,,Morning,1,12.0,10,73,No,47.1
7,68.0,48,4,8.0,Afternoon,11,11.0,3,74,Yes,55.3
33,74.0,98,8,7.0,Night,1,12.0,9,35,No,69.1
23,80.0,99,10,7.0,Afternoon,4,7.0,3,84,Yes,99.1
21,94.0,94,2,9.0,Night,10,8.0,9,35,No,66.8
19,61.0,96,8,6.0,Afternoon,10,13.0,7,50,No,88.7
19,86.0,99,10,8.0,Night,6,5.0,10,81,No,77.3
29,61.0,58,5,7.0,Afternoon,9,13.0,1,56,No,68.6
18,94.0,86,3,7.0,Night,1,2.0,10,14,No,83.3
2,77.0,91,6,6.0,Afternoon,7,12.0,5,78,No,59.0
1,73.0,53,7,7.0,Night,10,9.0,9,45,Yes,69.2
64,,95,5,6.0,Afternoon,11,11.0,3,81,No,60.1
20,77.0,77,4,4.0,Morning,5,5.0,9,7,No,71.4
11,69.0,92,5,6.0,Nite,8,4.0,5,63,No,94.0
2,84.0,100,4,4.0,Afternoon,7,13.0,9,56,Yes,74.6
3,61.0,75,7,9.0,Mornng,4,8.0,10,38,Yes,48.4
23,84.0,79,0,9.0,Night,4,13.0,6,53,Yes,62.3
12,92.0,56,10,7.0,Afternoon,6,3.0,9,32,Yes,72.0
20,95.0,69,6,8.0,Night,6,9.0,7,87,No,73.3
5,90.0,48,9,6.0,Afternoon,9,7.0,7,17,No,62.9
30,73.0,72,9,7.0,Morning,5,8.0,8,73,No,76.8
9,,95,10,8.0,Night,8,6.0,7,71,No,67.0
34,75.0,91,1,9.0,Morning,5,10.0,9,65,No,64.2
22,62.0,64,8,7.0,Night,2,6.0,9,64,Yes,69.9
24,94.0,53,0,8.0,Night,6,12.0,6,75,No,48.2
17,100.0,50,10,,Night,9,6.0,7,28,No,82.3
10,65.0,92,9,9.0,Afternoon,3,4.0,2,67,Yes,71.0
30,,74,5,4.0,Morning,1,12.0,9,65,No,69.6
23,72.0,80,8,7.0,Night,1,2.0,1,27,No,75.7
32,93.0,98,0,7.0,Afternoon,3,3.0,1,34,Yes,67.3
17,67.0,53,3,7.0,Night,10,9.0,3,64,Yes,51.9
17,,69,3,5.0,Afternoon,5,2.0,6,22,No,57.2
14,,80,8,9.0,Night,3,8.0,5,60,Yes,75.4
9,63.0,43,10,6.0,Morning,9,,2,57,No,54.4
2,84.0,98,4,7.0,Morning,8,4.0,9,11,Yes,65.9
25,74.0,43,4,6.0,Night,3,13.0,10,73,No,56.8
9,63.0,67,5,6.0,Afternoon,9,13.0,4,76,No,56.8
22,71.0,47,0,7.0,Night,6,12.0,4,83,No,48.4
4,91.0,41,0,7.0,Afternoon,7,,5,56,No,43.1
26,91.0,80,8,6.0,Night,4,10.0,8,8,No,72.8
29,87.0,100,2,6.0,Afternoon,4,3.0,10,38,No,82.7
34,72.0,85,3,,Morning,2,9.0,4,73,No,70.1
23,90.0,61,0,8.0,Night,5,10.0,5,37,Yes,49.6
11,73.0,80,8,8.0,Morning,8,12.0,4,73,Yes,60.8
6,79.0,95,7,5.0,Morning,7,4.0,6,42,No,76.5
18,77.0,94,1,7.0,Night,7,3.0,3,30,No,70.7
21,88.0,55,7,5.0,Night,6,8.0,8,5,No,69.3
34,65.0,68,6,4.0,Afternoon,3,6.0,6,8,No,62.4
17,91.0,88,10,7.0,Afternoon,5,6.0,10,43,No,90.7
25,88.0,87,5,7.0,Morning,1,11.0,5,58,No,85.7
12,61.0,69,0,6.0,Afternoon,7,6.0,2,37,No,57.1
23,82.0,51,6,6.0,Afternoon,9,5.0,10,37,Yes,66.0
22,78.0,74,9,4.0,Night,1,6.0,10,76,No,67.6
21,90.0,50,6,8.0,Afternoon,2,,7,24,No,61.0
27,64.0,85,8,,Morning,3,,2,20,No,82.6
31,78.0,89,0,5.0,Afternoon,3,5.0,1,25,No,63.2
6,93.0,60,1,6.0,Morning,8,3.0,7,49,No,50.3
27,69.0,60,10,8.0,Night,7,10.0,5,86,No,82.4
34,84.0,44,8,9.0,Morning,6,3.0,1,66,Yes,71.2
12,61.0,87,8,7.0,Afternoon,10,10.0,4,35,Yes,71.7
7,70.0,59,5,5.0,Night,10,11.0,4,46,No,45.0
10,,76,5,4.0,Afternoon,11,7.0,10,16,No,79.6
17,74.0,42,3,7.0,Night,4,10.0,7,69,No,45.6
26,68.0,83,3,7.0,Night,9,10.0,9,77,No,74.6
21,82.0,72,4,4.0,Afternoon,1,4.0,2,7,Yes,65.3
28,78.0,92,2,7.0,Afternoon,11,2.0,1,13,No,87.7
2,68.0,100,0,4.0,Night,2,2.0,2,55,No,58.2
17,91.0,45,2,4.0,Morning,1,9.0,7,14,Yes,42.4
14,94.0,90,5,7.0,Night,4,11.0,8,20,No,85.8
32,,83,2,7.0,Night,3,13.0,6,12,Yes,74.9
4,63.0,87,4,7.0,Afternoon,4,8.0,4,26,Yes,48.2
3,99.0,72,7,4.0,Night,3,2.0,7,32,Yes,84.6
6,63.0,98,10,9.0,Night,5,11.0,6,49,No,74.2
2,64.0,56,3,7.0,Night,9,7.0,4,15,No,57.9
4,72.0,83,5,5.0,Night,5,12.0,3,71,No,63.7
24,90.0,76,0,8.0,Afternoon,4,8.0,6,87,No,74.5
2,,87,8,5.0,Morning,2,2.0,3,34,No,62.0
45,,54,1,6.0,Night,10,4.0,10,87,Yes,60.6
22,99.0,53,10,9.0,Morning,2,9.0,1,21,No,42.7
19,96.0,59,2,6.0,Night,9,4.0,6,79,No,52.9
59,71.0,60,7,7.0,Afternoon,8,5.0,4,56,No,69.6
29,85.0,94,7,9.0,Morning,1,5.0,7,48,Yes,88.8
13,,80,7,5.0,Night,8,11.0,2,47,No,73.5
19,86.0,99,10,8.0,Night,6,5.0,10,81,No,77.3
18,64.0,55,0,6.0,Afternoon,1,13.0,2,62,No,39.6
26,85.0,80,0,6.0,Night,1,5.0,3,79,No,54.6
14,98.0,45,3,7.0,Morning,7,3.0,3,87,No,55.6
